Product Category,Supplier Title,Direct B2B Number,Verified Directory Link
Adult Diapers Wholesale,Trader - Wholesaler / Distributor of Adult Diaper & Baby ...,+918041011482,https://www.indiamart.com/metroagencies-pune/?srsltid=AfmBOorJY00zY2CH0TZVNfvaxkfWHbC1qqffyZTUxnf4sjXKa0o_fHHA
Adult Diapers Wholesale,Adult Diapers Wholesaler / Distributor from Pune,+918043886858,https://www.indiamart.com/peeyudistributors/adult-diaper.html?srsltid=AfmBOorpftp2SJi3CehbnByZJ8THtT3UxHEz1GaF2wKXrac7ANWoAPIV
Adult Diapers Wholesale,B Fit Large Adult Diapers Wholesaler / Distributor from Nashik,+918044566973,https://www.indiamart.com/samarth-agencies-maharashtra/adult-diaper.html?srsltid=AfmBOoqWguVfg9AjHphH-af-5ImXU4dES_uMWBp82M2c5WdYboST8_KW
Adult Diapers Wholesale,Adult Diapers Wholesaler / Distributor from Lucknow,+918045736657,https://www.indiamart.com/primewest-marketing-private-limited/adult-diaper.html?srsltid=AfmBOoqZ66tmU6Koqb4O9fJhDfz8dpEmL6tED0UGtRPd1vUQI1gTrbl5
Adult Diapers Wholesale,Adult Diapers Trader - Wholesaler / Distributor from Kolkata,+918047852523,https://www.indiamart.com/ghoshal-comapny/adult-diaper.html?srsltid=AfmBOorf4h7G9f6QzkQzwqB2b7Bofp-yR-WmRFqI1aD64B9NtlioiMQw
Adult Diapers Wholesale,Shield Adult Diapers from Lucknow,+919180440171,https://www.indiamart.com/medex-surgicals-and-supplies/adult-diaper.html?srsltid=AfmBOopF7e20E2V_wrKD9UQKkauqEqjJsflmn7WATFcmLO91I2yL2gHr
Automated Medication Dispensers,Automatic Pill Dispenser Machine 315 Slot Smart ...,+918047691204,https://www.indiamart.com/medline-robotics/medicine-dispenser.html?srsltid=AfmBOopbQxqFme7vdMXzuy86ngFTSDhxsT1AbXyMtEJZ2_WAJ0knbS7B
Automated Medication Dispensers,Emc Chamber Turnkey Service & FDG Automatic ...,+918044566796,https://www.indiamart.com/alibag-sea-food/other-products.html?srsltid=AfmBOorgPcUXWIGVQyyjkGMgUa_ATmSGB0vuZ5ZEXpfNWI0afldLG4m1
Automated Medication Dispensers,Automatic Sanitizer Dispenser - Rajdeep Medical Stores,+918047807062,https://www.indiamart.com/rajdeep-medical-stores-ahmedabad/automatic-sanitizer-dispenser.html?srsltid=AfmBOop9WR6Lt8Vt9-xaxOhqCx4KPcFeDbVv6t4I4ea9DxbQ-0bbrdmt
Automated Medication Dispensers,Automated Pharmacy Dispensing System,+918043818147,https://www.indiamart.com/med-freshe-private-limited/automation-systems.html?srsltid=AfmBOoq0V9j9zkMCX7AKzYhtqja4frjrEaM77zfEn2OCNmdEAgPFDvVy
Automated Medication Dispensers,Automated Drug Dispensing System,+918046057012,https://www.indiamart.com/proddetail/automated-drug-dispensing-system-22435168473.html?srsltid=AfmBOooTk5G2RZAeHVXJMbBvLPHZod_gpdM0-_2iDFdw6kfjQiOgSuCL
Automated Medication Dispensers,MR Pharma Sales,+918044941913,https://www.indiamart.com/m-r-pharma-sales/?srsltid=AfmBOorsz96BE954EbZsdf29E4DZCrkffiwDUYCwDX-fqBoHw0M38A4m
Automated Medication Dispensers,Automated Drugs and Pharmacy Management Solutions,+919180438381,https://www.indiamart.com/srishtymedical/automated-drugs-and-pharmacy-management-solutions.html?srsltid=AfmBOopeeDOhlJq_lzB5ayawjyIQoZwVNhQ7I855Nmd5cd44bvWC2KaY
CPM Machines,Cpm Machine Rental at ₹ 2800,+917942870481,https://www.indiamart.com/proddetail/cpm-machine-rental-2854171888997.html?srsltid=AfmBOoq6nuXFRu8Vc9sNsC_ODuTlXQcGmm6ozpJhj_NdN_1vehxoKUMR
CPM Machines,Continuous Passive Motion System CPM Machine,+919180482676,https://www.indiamart.com/healthcare-medical-equipments/cpm-machine.html?srsltid=AfmBOoo5BWe82dgBH6YLYqlMagwPJ01N0nJ-UKMmuXvbbjsOd8R6Qc4F
CPM Machines,LCD CPM Machine Trader - Retailer from New Delhi,+917942539662,https://www.indiamart.com/strength-physio-enterprises/cpm-machine.html?srsltid=AfmBOoq8VliGOI58ImPe0Fidwc2z6ew_EH3eFwGm8Sf_TqiR2N4f69xI
CPM Machines,Cpm Machine On Rent - Prayan Healthcare,+918045730922,https://www.indiamart.com/prayan-healthcare/cpm-machine.html?srsltid=AfmBOorD7DLRvjmFJDWLGL45Qc80b6-38gMmcaYpvLhifDh6F0S56VtU
CPM Machines,Continuous Passive Motion CPM Machine Trader,+917942704602,https://www.indiamart.com/medicraft-bengaluru-karnataka/cpm-machine.html?srsltid=AfmBOoqExq0w_RcfpSYD1Zh6DezpdsLBYx3YCPdpdmyvN18kuMRi7Klp
Carbon Fiber Wheelchairs,carbon fiber power wheelchair - Instagram,+919999401469,https://www.instagram.com/p/DV3EUb9DScw/
Carbon Fiber Wheelchairs,carbon fiber power wheelchair - Instagram,+919811240993,https://www.instagram.com/p/DV3EUb9DScw/
Carbon Fiber Wheelchairs,"Wheelchairs - Wheel Chair Latest Price, Manufacturers & Suppliers.",+917942788567,https://dir.indiamart.com/impcat/wheelchairs.html?biz=10
Carbon Fiber Wheelchairs,Carbon Fiber Chair - Fibre Chair Trader - Retailer from Jodhpur,+918041014250,https://www.indiamart.com/jogmaya-event-management/carbon-fiber-chair.html?srsltid=AfmBOor6i6Cg983Ws2E-r95xvnwZmOt9l3Yg5yiMv9Ab0JHn2c44Ijss
Carbon Fiber Wheelchairs,carbon frame Wheelchair Folding Crome Finished,+918047786533,https://www.indiamart.com/proddetail/wheelchair-folding-crome-finished-21718521997.html?srsltid=AfmBOoo7devlmv3bAnCLMbsCTrkwTktaqnZsWvX0u_YJ-_xUNSnPjjBl
Clinical K-Tape,K Tape - Medical Bazzaar India,+918043853975,https://www.indiamart.com/proddetail/k-tape-13882220455.html?srsltid=AfmBOoqUCB2xosJje-c1mt6pwxifRaQ2eThAu6QxS-uk1jJUaSRzQPQt
Compressor Nebulizers,"Oem Portable Handy Compressor Nebulizers, For Nebulization, Size",+917949314872,https://www.indiamart.com/proddetail/handy-compressor-nebulizers-medical-machine-21089366591.html?srsltid=AfmBOor0n24jrGo6TFGi06hgdIrc5pk9FuHzZVR_R8LRCW0HTfXSoo3Z
Compressor Nebulizers,Nebulizers,+918047805752,https://www.indiamart.com/proddetail/nebulizers-3632293112.html?srsltid=AfmBOooS0mSTr9kX8aZqNGPp7FEu9b0OkCVGiBX8GCLqAZdwqf-w4Ht_
Compressor Nebulizers,"Table Top Rossmax Nebulizers, For Nebulization, Size: Compact at ...",+917949329686,https://m.indiamart.com/proddetail/rossmax-nebulizers-medical-machine-15936543791.html
Continuous Glucose Monitors,Continuous Glucose Monitoring,+917876330733,https://www.indiamart.com/proddetail/continuous-glucose-monitoring-7876330733.html?srsltid=AfmBOoo0p-JrgdagdrXcmzYgIirjMNVQOmrvQOG2BGCkVnh3be4VynfQ
Continuous Glucose Monitors,Continuous glucose monitor - Abbott Freestyle Libre Sensor Trader,+917942648789,https://www.indiamart.com/synergyhealthcare/continuous-glucose-monitor.html?srsltid=AfmBOoqizD4WaE8WOxtlofNkhxkN05txOuTSWbilhhbJ38Q-wVR6aRQz
Continuous Glucose Monitors,Products & Services,+918047832557,https://www.indiamart.com/singh-life-care-delhi/products-and-services.html?srsltid=AfmBOop02zaE1hs5bB_tKVZtaYjuSF-tiTwS6X-vZa27qkJFt6DE1qQA
Dynamic Alternating Pressure Mattresses,Alternating Pressure Mattress at Best Price in India,+917949340928,https://dir.indiamart.com/impcat/alternating-pressure-mattress.html
Dynamic Alternating Pressure Mattresses,Alternating Pressure Mattress,+918044464576,https://www.indiamart.com/shubhamsurgical-delhi/alternating-pressure-mattress.html?srsltid=AfmBOopllj7oF4nHG4uPxVh7NZ_bEd4mGZTrLK86DW85Z_olNYs6fSug
Electric Wheelchairs,"Wheelchairs - Wheel Chair Latest Price, Manufacturers & Suppliers.",+917942957534,https://dir.indiamart.com/impcat/wheelchairs.html
Electric Wheelchairs,Electric Wheelchair - Wholesaler / Distributor from Ahmedabad,+918048262878,https://www.indiamart.com/first-choice-surgicals/electric-wheelchair.html?srsltid=AfmBOoqsQrMzMEsYj9g2DomlB2mSnXW5ASXJEhrn53VhXCDk1-hxJt35
Electric Wheelchairs,Automatic EVOX WC104A Handicapped Electric Wheelchair,+918047814929,https://www.indiamart.com/proddetail/evox-wc104a-handicapped-electric-wheelchair-2853993097762.html?srsltid=AfmBOoqBlIWbvVQTkO9MtYJT7jwp5OBswDeqmuviFZ_ybnFcACHgjC7k
Electric Wheelchairs,Electric Wheelchair Retailers & Dealers in India,+918047515600,https://dir.indiamart.com/impcat/electric-wheel-chair.html?biz=40
Electric Wheelchairs,Electric Power Motorized Wheelchair,+917949343226,https://dir.indiamart.com/impcat/electric-wheel-chair.html
Electric Wheelchairs,Automatic Smart Electric Wheelchair (Evox Electric Wheelchair 101),+918043815702,https://www.indiamart.com/proddetail/smart-electric-wheelchair-evox-electric-wheelchair-101-2854438695873.html?srsltid=AfmBOoqlHL-G3NgPp_9iMIk8cEfuMnQgcqJYHGy-IjRPWg0CXbOylaox
General B2B Healthcare,Medikart HealthCare - India's trustworthy online store for healthcare ...,+917669011322,https://medikart.co.in/?srsltid=AfmBOopYT7pKXEeS07ZwwJ4qVf5aB6zJTtEJRucvPrAYiXtPQdpCDNaX
General B2B Healthcare,B2B - Easyaid Medical – Trusted Medical Equipment Supplier,+918955536450,https://easyaidmedical.com/b2b.html
General B2B Healthcare,Medical Equipment Manufacturing Company in India,+919560498971,https://www.medglobalsurgical.com/product-details/medical-equipment-manufacturing-company-in-india-medglobal-surgical
General B2B Healthcare,Medical Equipment Manufacturing Company in India,+918468092554,https://www.medglobalsurgical.com/product-details/medical-equipment-manufacturing-company-in-india-medglobal-surgical
General B2B Healthcare,Top Nutraceutical & Pharma Ingredient Supplier in India,+919718100091,https://the91api.com/
General B2B Healthcare,Top Surgical Disposables Medical Supplies Manufacturer from India,+919266125395,https://www.surgeine.com/
General B2B Healthcare,Medi Dispo Disposable Medical Products Manufacturer & Supplier ...,+918866001023,https://www.medidispo.com/
General B2B Healthcare,Prakhar Medics,+919871596367,https://prakharmedics.com/?srsltid=AfmBOookYzQGO6qGgMXxwHko5BrjTMQysU7U7sueSXmTdi948dn9lXc8
General B2B Healthcare,Chemistry Lab Equipment Manufacturer and Exporter in India - ESAW,+918222866888,https://www.esawindia.com/collections/chemistry-lab-equipment-manufacturer-exporter?srsltid=AfmBOoq4W1oJF-WtjDlIdp6igBfFJ0bgbwoHBijfUuvmqgH2Rg-bz8kp
General B2B Healthcare,Laboratory Equipment Supplier in India,+919440356563,https://www.maascientific.com/
General B2B Healthcare,Crown Lab Supplies,+919899110443,https://www.labsuppliesindia.com/
General B2B Healthcare,Laboratory Equipment Supplier in India,+917290939259,https://www.scientificedge.co.in/products/laboratory-equipment-suppliers-india
General B2B Healthcare,Laboratory Equipment Manufacturers & Suppliers in India,+918950411180,https://www.empiricalexports.com/
General B2B Healthcare,Tender Duniya specializes in Diagnostic Devices with a ... - Instagram,+917777946325,https://www.instagram.com/p/DW2-u2omBAL/
General B2B Healthcare,Professional Diagnostic Tool,+918047683059,https://www.indiamart.com/proddetail/professional-diagnostic-tool-4745301488.html?srsltid=AfmBOoq689eZlr-4Pwx9LaytPXt2gZ4bbzlSmbq2QsJbX8PqdlqQLOV0
General B2B Healthcare,Auto Diagnostic Tools Wholesalers & Distributors in India,+917949358215,https://dir.indiamart.com/impcat/auto-diagnostic-tools.html?biz=30
General B2B Healthcare,Orthopedic Implants Wholesalers & Distributors in India,+917942722147,https://dir.indiamart.com/impcat/orthopedic-implants.html?biz=30
General B2B Healthcare,Ankitech: Hospital Furniture Manufacturer in India,+919896144888,https://ankitech.in/
General B2B Healthcare,"Hospital Furniture Manufacturer, Medical Suppliers India",+917042255116,https://www.kaycoindia.com/
General B2B Healthcare,"Hospital Furniture Manufacturer, Medical Suppliers India",+919818151651,https://www.kaycoindia.com/
General B2B Healthcare,"Hospital Furniture Manufacturer in Ambala, Delhi, & All North India",+919729695606,https://www.biomedicafurniture.com/
General B2B Healthcare,Medical Instrument Manufacturer & Hospital Furniture Supplier,+917056606551,https://labgoindia.com/product-category/hospital-furniture
General B2B Healthcare,Medical Instrument Manufacturer & Hospital Furniture Supplier,+917206050100,https://labgoindia.com/product-category/hospital-furniture
General B2B Healthcare,Hospital Furniture manufacturers in India - Lifecare Medical Innovation,+918826665797,https://lcmigroup.com/hospital-furniture-manufacturers-in-india/
General B2B Healthcare,Hospital Furniture Manufacturers in India,+917942706396,https://dir.indiamart.com/impcat/hospifurniture.html?biz=10
General B2B Healthcare,Hospital Surgical Instruments Manufacturer India - GKBGI,+918851121142,https://www.gkbgi.com/products/hospital-surgical-instruments-manufacturer-india/
General B2B Healthcare,"Hospital Furniture Manufacturer in Ambala, Delhi, & All North India",+919991401777,https://www.biomedicafurniture.com/
General B2B Healthcare,Hospital Surgical Instruments Manufacturer India - GKBGI,+917678153236,https://www.gkbgi.com/products/hospital-surgical-instruments-manufacturer-india/
General B2B Healthcare,Surgical Instruments Manufacturer In India - Alis Professional,+919814181255,https://alisprofessional.com/collections/surgical-instruments-manufacturer-in-india
General B2B Healthcare,Surgical Instruments Manufacturer In India - Alis Professional,+919814262255,https://alisprofessional.com/collections/surgical-instruments-manufacturer-in-india
General B2B Healthcare,Surgical Equipments Wholesalers & Distributors in India,+917942671546,https://dir.indiamart.com/impcat/surgical-equipment.html?biz=30
General B2B Healthcare,Hospital Equipment,+919810867957,https://www.descomedicalindia.com/
General B2B Healthcare,Medical Device Manufacturers In India,+918744038080,https://lcmigroup.com/medical-device-manufacturers-in-india/
General Medical,"Medical Equipment in Chennai, Tamil Nadu",+918045169603,https://dir.indiamart.com/chennai/medical-equipment.html
General Medical,Products & Services,+919179426201,https://m.indiamart.com/southindia-surgical-company/products-and-services.html
HBOT Chambers,Hyperbaric Oxygen Therapy Chamber - Oxygenix B3 Trader,+917943436683,https://www.indiamart.com/vinayakainstituteemergencymedical/hyperbaric-oxygen-therapy-chamber.html?srsltid=AfmBOoq1SimBD19NyCMOIM3nAw3ssCcDxvv7oS0LRzY8kwqLKVmszcWp
HBOT Chambers,Soft HBOT Chamber,+917792780433,https://www.indiamart.com/proddetail/soft-hbot-chamber-7792780433.html?srsltid=AfmBOoqoGuWY_8SrMM94j-LYs-D3WIJ5XNxe4l6W-Z3O-gjZ1ZRxPAnx
HBOT Chambers,Hyperbaric Oxygen Therapy Treatment Chamber - Wholesaler,+917949310236,https://dir.indiamart.com/impcat/hyperbaric-oxygen-therapy-chamber.html?biz=30
HBOT Chambers,HBOT - Hyperbaric Oxygen Therapy Chamber at ₹ 800000,+917942674018,https://www.indiamart.com/proddetail/hbot-hyperbaric-oxygen-therapy-chamber-10314986497.html?srsltid=AfmBOooYOxa0bVLHyfGMLseEU5Qm0C_76cPupdpJVfIRstP67UI2KxHb
HBOT Chambers,Multiplace Hyperbaric Oxygen Therapy Chamber,+917942843080,https://www.indiamart.com/proddetail/hyperbaric-oxygen-therapy-chamber-2857854115430.html?srsltid=AfmBOooXJCb90M8vzjkrllM-QHT7D9A-YXyOcB6ms8tWMU6dqnoKSrNT
Medical Nitrile Gloves,For Medical Ansell Micro Touch Nitrile Gloves Blue N-30,+917949336507,https://www.indiamart.com/proddetail/ansell-micro-touch-nitrile-gloves-blue-n-30-22597264088.html?srsltid=AfmBOorDq1-nCv6v3pbh5uThadesTf43J4r39oPn2leAQcV75jG8p7bB
Medical Nitrile Gloves,For Medical Nitrile Gloves,+918048266081,https://www.indiamart.com/proddetail/nitrile-gloves-22638243762.html?srsltid=AfmBOorkiwcHL-aSk50w6TQJfJfq0WNwDMzminNLMyMcx1KQyfKpJrBy
Medical Nitrile Gloves,For Medical Ansell Micro Touch Nitrile Gloves Blue N-30,+918045735332,https://www.indiamart.com/proddetail/ansell-micro-touch-nitrile-gloves-blue-n-30-22597264088.html?srsltid=AfmBOorDq1-nCv6v3pbh5uThadesTf43J4r39oPn2leAQcV75jG8p7bB
Medical Nitrile Gloves,For Medical Latex Nitrile Gloves,+918043835573,https://www.indiamart.com/proddetail/latex-nitrile-gloves-23154937448.html?srsltid=AfmBOooe4U5ysSMDu4lQ5H2zku_E9rcS5IxtuR7q0ZSQwjrBn_2uosho
Medical Nitrile Gloves,For Medical Latex Nitrile Gloves,+918043808391,https://www.indiamart.com/proddetail/latex-nitrile-gloves-23154937448.html?srsltid=AfmBOooe4U5ysSMDu4lQ5H2zku_E9rcS5IxtuR7q0ZSQwjrBn_2uosho
Medical Nitrile Gloves,Blue Medical Nitrile Gloves at ₹ 15/pair in Ahmedabad,+918047800516,https://www.indiamart.com/proddetail/medical-nitrile-gloves-15564983112.html?srsltid=AfmBOoqgoStgobuDt27AesZOQnKi42Z5b_yaba1SdaBbo5zhiBZp0WNY
Medical Nitrile Gloves,Nitrile Examination Gloves Wholesaler / Distributor from New Delhi,+918046071084,https://www.indiamart.com/roseinternational-delhi/nitrile-gloves.html?srsltid=AfmBOop_FkqdtGHikTR83Ezdxh6PtgWwSanGZtfyrE4qjOQP0LRN6nEY
Medical Nitrile Gloves,Nitrile Gloves Wholesalers & Distributors in India,+918047783283,https://dir.indiamart.com/impcat/nitrile-gloves.html?biz=30
Medical Nitrile Gloves,Nitrile Gloves Manufacturers in India,+917942801050,https://dir.indiamart.com/impcat/nitrile-gloves.html?biz=10
Medical Nitrile Gloves,For Medical Green Color Reusable Nitrile Hand Gloves,+918044464684,https://www.indiamart.com/proddetail/green-color-reusable-nitrile-hand-gloves-23395990333.html?srsltid=AfmBOooWqWxVcIxUUl7ceNfmLg6k8XfutfPjztojNdiMKzHlkUwEQa_M
Medical Nitrile Gloves,For Medical Nitrile Gloves at ₹ 800/box in Pune,+917943438667,https://www.indiamart.com/proddetail/nitrile-gloves-23310027355.html?srsltid=AfmBOorjoSGI2YqxiCRYhsNdUQfsKar8N_TnxkXfZrIwfejOywGK3f6t
Medical Nitrile Gloves,For Medical Nitrile Gloves at ₹ 450/box in Thrissur,+918046058355,https://www.indiamart.com/proddetail/nitrile-gloves-22577333562.html?srsltid=AfmBOorWQIkNzrtgqKV7uC52dod-ZpgNanklFh2BzTyPFThX0XZydjvr
Medical Nitrile Gloves,Medishield Examination Nitrile Powder Free Gloves,+918044942259,https://www.indiamart.com/proddetail/medishield-examination-nitrile-powder-free-gloves-20509081091.html?srsltid=AfmBOoociVRjI8lBMFtJYga5zHI_sP1fb2gThXn8Zp9HnYyVgjLm85uV
Medical Nitrile Gloves,For Medical Nitrile Gloves at ₹ 810/box in Vengathur,+918048615520,https://www.indiamart.com/proddetail/nitrile-gloves-23289038488.html?srsltid=AfmBOooTWFE5-KuYGGTHFMurHSrti3Y9mDnmb8NNE3hivlV0Frv5Bj5p
Medical Nitrile Gloves,For Medical Nitrile Gloves at ₹ 990/box in Ernakulam,+918047803702,https://www.indiamart.com/proddetail/nitrile-gloves-23055501033.html?srsltid=AfmBOopvV4Xe5TedVlLnI69WMJTrYDnzduBHZiq2VTcRHM7od1dfs-wx
Medical Nitrile Gloves,"Nitrile Black Hand Gloves, For medical and tatto",+917942872688,https://www.indiamart.com/proddetail/black-hand-gloves-2851772866273.html?srsltid=AfmBOoobjQBjRnVXClmhhYELqna_aO4Yupk8rIq1MoetYZ1Oo8aXjAz7
Medical Nitrile Gloves,"Glovesca For Medical Nitrile Gloves Examination, Powdered",+918043812329,https://www.indiamart.com/proddetail/nitrile-gloves-examination-11199522512.html
Medical Nitrile Gloves,"Blue Disposable Nitrile Medical Gloves, For Hospital",+917948549140,https://www.indiamart.com/proddetail/blue-disposable-nitrile-medical-gloves-27356213230.html?srsltid=AfmBOoqzCoJ1ctt1UcnEcHTB0ESuS4Hifo-BgsvNA_qFdbkZC6CunFSf
Medical Nitrile Gloves,"Blue Disposable Nitrile Medical Gloves, For Hospital",+917949306893,https://www.indiamart.com/proddetail/blue-disposable-nitrile-medical-gloves-27356213230.html?srsltid=AfmBOoqzCoJ1ctt1UcnEcHTB0ESuS4Hifo-BgsvNA_qFdbkZC6CunFSf
Medical Nitrile Gloves,"Medical Nitrile Gloves Medical Grade, Packaging Type: Carton, Size",+917942639887,https://www.indiamart.com/proddetail/medical-nitrile-gloves-medical-grade-22083252430.html?srsltid=AfmBOoo68dkGbCy8ARGbW3Zcwzss5WrMw0FiS2DmNPeXTEgrCM1ANyT3
Medical Nitrile Gloves,For Medical Nitrile Gloves at ₹ 350/box in Chennai,+917942825963,https://www.indiamart.com/proddetail/nitrile-gloves-23452972048.html?srsltid=AfmBOooaTfvSNHIyWt6Sl9YadPjx19K1R15B5btIJGZj8MN1hiPzUIE5
Medical Nitrile Gloves,"Latex Nitrile Medical Gloves, 4 mil, Blue",+917949222934,https://www.indiamart.com/proddetail/nitrile-medical-gloves-20639620173.html?srsltid=AfmBOoqSXNXRPZSUJWo-eWZLE2Q_gNOy9PcbfnByoaU5tKl9LNqVXnsK
Metabolic Breath Analyzers,Alcohol Breath Tester Manufacturers in India,+917942633921,https://dir.indiamart.com/impcat/alcohol-breath-tester.html?biz=10
Metabolic Breath Analyzers,"Analyzer Systems in Greater Noida (एनलाइज़र सिस्टम, ग्रेटर नॉएडा)",+918043831059,https://dir.indiamart.com/greater-noida/analyzer-systems.html
Motorized ICU Beds,"7 function Standard Hospital ICU Beds, Mild steel",+918043837244,https://www.indiamart.com/proddetail/standard-hospital-icu-beds-2853069098633.html?srsltid=AfmBOorDgke4j7gEbP-MrZ3cZNTj66CDsBj8TyUML6Lt5Ial0b249_Bs
Motorized ICU Beds,HI-LOW ICU Motorized Bed at best price in Tirunelveli by Breath ...,+918045202609,https://m.indiamart.com/proddetail/hi-low-icu-motorized-bed-7191547673.html
Motorized ICU Beds,five function electric icu bed Service Provider from Jaipur,+919180460497,https://www.indiamart.com/porwalhealthcareagencies/motorized-bed.html?srsltid=AfmBOooh6YeIeufL4KQdT-XU8jyJ8wDVvdQcKDDJIS_go0aZeAggPf4T
Motorized ICU Beds,five function full motorized icu bed with manual cpr,+917942960183,https://www.indiamart.com/proddetail/five-function-full-motorized-icu-bed-with-manual-cpr-24155987355.html?srsltid=AfmBOopF7MlDBR4S-YUA8uJtpsxhaXvbBBKsIv9R7jVKPUeWMFM-5rFZ
Motorized ICU Beds,"AOMA White Motorized ICU Bed, Size: 2030 LX 900 WX 600-800 H",+917942967282,https://www.indiamart.com/proddetail/motorized-icu-bed-8241341891.html?srsltid=AfmBOoqmt1c4UprT5XEdZiXA5cwOokAtHA77c18ZLaMbGwl-lVJODevD
Motorized ICU Beds,Fully Motorized Bed for Hospital,+917942546744,https://www.indiamart.com/proddetail/fully-motorized-bed-20520523812.html?srsltid=AfmBOoqwXnYVxQG3Rcsp07_FUawEndk3yuaTnxPNbRO4qJ6c65_PbSyr
Motorized ICU Beds,five function electric icu bed Service Provider from Jaipur,+918046049752,https://www.indiamart.com/porwalhealthcareagencies/motorized-bed.html?srsltid=AfmBOopOZbpFzzmXLEkiCaHvBLXoBx-Olb7Yrfu-rusQvJEV2K-3UjKl
Motorized ICU Beds,ICU BED - Wholesaler / Distributor from Ahmedabad,+918047634094,https://www.indiamart.com/mediteksterilizers/icu-bed.html?srsltid=AfmBOooEbyERHtv3WmTKybv40qj1ypVVbQ9AMZigFw9hJh52mZU8S5TV
Motorized ICU Beds,WM-5177-5FD Five Function ICU BED Motorized,+918048210759,https://www.indiamart.com/proddetail/wm-5177-5fd-five-function-icu-bed-motorized-27024615555.html?srsltid=AfmBOorAX6T6kBCGHnFput4CAm9CgRSEIDN9eDeY1OqYhqW4uHnsFMK7
Motorized ICU Beds,WM-5177-5FD Five Function ICU BED Motorized,+917942721207,https://www.indiamart.com/proddetail/wm-5177-5fd-five-function-icu-bed-motorized-27024615555.html?srsltid=AfmBOorAX6T6kBCGHnFput4CAm9CgRSEIDN9eDeY1OqYhqW4uHnsFMK7
Motorized ICU Beds,Fully Motorized Bed for Hospital,+917942565545,https://www.indiamart.com/proddetail/fully-motorized-bed-20520523812.html?srsltid=AfmBOoqwXnYVxQG3Rcsp07_FUawEndk3yuaTnxPNbRO4qJ6c65_PbSyr
Multiparameter Patient Monitors,Multiparameter patient monitors (hospital/ICU-grade) at ₹ 16500,+918047640674,https://www.indiamart.com/proddetail/multiparameter-patient-monitors-hospital-icu-grade-2858075278348.html?srsltid=AfmBOoomzRBMBkXpD5ohsAfiaibug1Cc7R4mny2g7C5suTXwXjV55VfF
Multiparameter Patient Monitors,22 Inch Multi Parameter Patient Monitor,+917949367238,https://www.indiamart.com/proddetail/22-inch-multi-parameter-patient-monitor-13987845655.html?srsltid=AfmBOoo_B2Y-qqfHVcXQOCWNCm3WF906fJ3EvgW4c6Xz_U-wsl8IFytC
Orthopedic Bracing,Orthopedic Braces at Best Price in India,+917942611428,https://dir.indiamart.com/impcat/orthopedic-braces.html
Orthopedic Bracing,Orthopedic Braces Wholesalers & Distributors in New Delhi,+917942828842,https://dir.indiamart.com/new-delhi/orthopedic-braces.html?biz=30
Orthopedic Bracing,Leg Braces Manufacturers in India,+917942534832,https://dir.indiamart.com/impcat/leg-braces.html?biz=10
Orthopedic Bracing,Orthopedic Braces - Solid LS Brace Trader - Retailer from Guwahati,+917942832523,https://www.indiamart.com/essential-medi-cares/orthopedic-braces.html?srsltid=AfmBOortcpbrtKOgwmAmE7bFDq3BL7huAAe_vSZvukJjHpeHM8WGEejS
Orthopedic Bracing,Orthopedic Brace - Long Knee Braces Service Provider from Ranchi,+917942819210,https://www.indiamart.com/ortho-care-ranchi/orthopedic-brace.html?srsltid=AfmBOoqKQb78DfcbGDoJG7LI9z9APao3m6Tu9Y7QRPnXdYjfgbYscXMJ
Orthopedic Bracing,https://www.tradeindia.com/my-care-prosthetics-orthotics-medical ...,+918317646272,https://www.facebook.com/legbracesmycare/posts/7215ee9c/973238688151380/
Orthopedic Bracing,Orthopedic Braces Exporters from India,+918048950835,https://dir.indiamart.com/impcat/orthopedic-braces.html?biz=20
Orthopedic Bracing,Orthopedic Braces Wholesalers & Distributors in India,+917942788386,https://dir.indiamart.com/impcat/orthopedic-braces.html?biz=30
Orthopedic Heating Pads,Heating Pad Ortho Wholesaler / Distributor from Jaipur,+918045729251,https://www.indiamart.com/surgical-solution-jaipur/heating-pad.html?srsltid=AfmBOoqenOimBA8gzYeQiiZM4zckWRXysGq5PUaabHXCavjz1Ia9kV9Q
Orthopedic Heating Pads,Orthopedic Heating Pad Wholesaler / Distributor from Noida,+918046076132,https://www.indiamart.com/careindiasurgicals/electric-heating-pad.html?srsltid=AfmBOop6_yU9torzRi-Is2nK1flZBEq--dgNl2rWr3wfD_nv_b3r3cQl
Orthopedic Heating Pads,Orthopedic Heating Pad Wholesaler / Distributor from Noida,+919180460761,https://www.indiamart.com/careindiasurgicals/electric-heating-pad.html?srsltid=AfmBOoqELi9ASkWeQvHv5-UVvKL_b-Nhii1QhSpwtaX6mfhhj2KqWjPS
Orthopedic Heating Pads,Orthopedic Heating Pad at ₹ 700/piece,+917948547737,https://www.indiamart.com/proddetail/orthopedic-heating-pad-9768049773.html?srsltid=AfmBOoorSa21bH9VKB8pHFzUZ4ZVdO2jNDm4uixTeZf_povMHhhX85Ve
Orthopedic Heating Pads,Orthopedic Heating Pad at ₹ 940/piece,+918047646273,https://www.indiamart.com/proddetail/orthopedic-heating-pad-27294639312.html?srsltid=AfmBOorQVLq3jkAF6QqmNsXHQtjORzbM7qbw9n4e4ueBxwuX4zh55Hw7
Orthopedic Heating Pads,"Electric Back Olex Orthopedic Heating Pad, 220 V",+918047837505,https://www.indiamart.com/proddetail/olex-orthopedic-heating-pad-24315652755.html?srsltid=AfmBOoo6qntDrxAp9iK123MA_9EYZRxWry_8Rl22z3kIpXSlv-S_UpUE
Orthopedic Heating Pads,Times Care Ortho Heating Gel Pad,+918043844307,https://www.indiamart.com/proddetail/times-care-ortho-heating-gel-pad-22921104797.html?srsltid=AfmBOoq8Cvp6zEYTE6nkVgJt9tWy7SBTQ9aUdneVhIZPZsMeFI_YODDb
Orthopedic Seat Cushions,Peerbio Coccyx Orthopedic Memory Foam Seat Cushion,+918043858803,https://www.indiamart.com/proddetail/peerbio-coccyx-orthopedic-memory-foam-seat-cushion-2852301094455.html?srsltid=AfmBOoqbUjSzKMnSvLR7yYwcYmHZj8y2w0-35d_fFPTTFUbeVZkwStEp
Orthopedic Seat Cushions,Gel Orthopedic Seat Cushion at ₹ 1250.00,+917949343650,https://www.indiamart.com/proddetail/gel-orthopedic-seat-cushion-2855173915830.html?srsltid=AfmBOorpXkv1HbbqCYrHk0EQg6zCs-6gDJlFs_dSHsFipQ0kQ7cyElnL
Orthopedic Seat Cushions,Coccyx Cushion Manufacturers in India,+917942873806,https://dir.indiamart.com/impcat/coccyx-cushion.html?biz=10
Orthopedic Seat Cushions,Gel Seat Cushion Wholesaler / Distributor from Bengaluru,+919180410116,https://www.indiamart.com/apex-healthcare-bengaluru/seat-cushion.html?srsltid=AfmBOoph-S0V49nnGe314GhxPkCQ7h_LRxD-oWiYiajEefCxrNzPYhbI
Orthopedic Seat Cushions,Coccyx Cushion - Contoured Seat Cushion Latest ...,+917942558697,https://dir.indiamart.com/impcat/coccyx-cushion.html
Orthopedic Seat Cushions,Orthopedic Donut Seat Cushion Trader - Retailer from Chennai,+918043883191,https://www.indiamart.com/company/138150426/seat-cushion.html?srsltid=AfmBOorN9aFFMwaYTXhxeReUz8paTBMGdt6zzP-11oAUzhl-vxRvcD8W
Oxygen Concentrators,Portable Oxygen Concentrator,+917943438840,https://dir.indiamart.com/impcat/portable-oxygen-concentrator.html
Oxygen Concentrators,Medical and Industrial Oxygen Concentrator,+919180476316,https://www.indiamart.com/aqozoneindustries/oxygen-concentrators.html?srsltid=AfmBOoqZ41lDpn7tq25NwjVcyWlOxF07VqfGUpyQqXPEA7GFf3_m2_V_
Oxygen Concentrators,Portable Oxygen Concentrator Wholesaler / Distributor from Surat,+918044464804,https://www.indiamart.com/innovate-india-surat/portable-oxygen-concentrator.html?srsltid=AfmBOoqfw3GXpPskrOuQ9E70TO4WAr1VLxKoJM1eLs2cCsIHhnRx-iCi
Oxygen Concentrators,Oxygen Concentrator Rental at ₹ 3000/month in Kolkata,+918048265728,https://www.indiamart.com/proddetail/oxygen-concentrator-rental-2858979889262.html
Oxygen Concentrators,Oxygen Concentrator from Pune,+919180486112,https://www.indiamart.com/wellnesssurgicals/oxygen-concentrator.html?srsltid=AfmBOop3WWlSq8lKvuM_-hzX2_b_6As3Mm2kAxPnhkmkz79YxnVr-5fF
PEMF Mats,"PEMF high power mat, 2 Feet X 2.5 Feet, Non prescription",+917943438538,https://www.indiamart.com/proddetail/pemf-high-power-mat-22477166473.html?srsltid=AfmBOopUVsXJKB1f1cznvSm-qpY-A7fJsV3YgnBI_clBUvZ9r3biokju
PEMF Mats,Magnetic Pulse Therapy Service from New Delhi,+918044566531,https://www.indiamart.com/healingtouches/pemf-devices-for-sale.html?srsltid=AfmBOoqopskNeGIhMd62W6hzUQKLxx0F-_eCt9is0WfvIh5edeDNuiIo
PEMF Mats,OMI PEMF Therapy Mini Mat,+917949337453,https://www.indiamart.com/proddetail/omi-pemf-therapy-mini-mat-20849501748.html?srsltid=AfmBOoq0RidUQDungcCdH66GQ9C7lao8E37obv2CWOg4TG2BLrCq3MwH
PEMF Mats,Pemf Therapy Devices Trader - Retailer from New Delhi,+918047516736,https://www.indiamart.com/aaayansystems/pemf-therapy-devices.html?srsltid=AfmBOordGg65F90sD13NmMdan86WFQK48X0Ww4PmC8T8TxwUrH4Tgyo5
Patient Transfer Hoists,Morecare Electric Patient Transfer Hoist - SwiftLift,+917942561971,https://www.indiamart.com/proddetail/morecare-electric-patient-transfer-hoist-swiftlift-2856897485630.html?srsltid=AfmBOorlsOt9yRdxwQUbemFxIqfeaPR80RqjMKV9TEDmJsTEgKtpyPVf
Patient Transfer Hoists,Morecare Electric Patient Transfer Hoist - SwiftLift,+918047672177,https://www.indiamart.com/proddetail/morecare-electric-patient-transfer-hoist-swiftlift-2856897485630.html?srsltid=AfmBOorlsOt9yRdxwQUbemFxIqfeaPR80RqjMKV9TEDmJsTEgKtpyPVf
Patient Transfer Hoists,Manual Patient Lift & Transfer Wheelchair Trader,+917942828564,https://www.indiamart.com/nukhealthcare/patient-lifting-hoist.html?srsltid=AfmBOoqmccs6MnR38MWGf2muPVpjl-jGnHJG1fE0FJdZBGN0jI9XavCH
Patient Transfer Hoists,Patient Lifter Wholesalers & Distributors in India,+918047314415,https://dir.indiamart.com/impcat/patient-lift.html?biz=30
Patient Transfer Hoists,Manual Patient Lift & Transfer Wheelchair Trader,+919179428285,https://www.indiamart.com/nukhealthcare/patient-lifting-hoist.html?srsltid=AfmBOoo208Av9tSKzXXwzlyY2a5u3pNTmBjQXh4J81-HS7H96ix9O_WL
Percussive Massage Guns,Percussion Massage Gun With 4 Heads (1 Year Warranty),+918047653260,https://www.indiamart.com/proddetail/percussion-massage-gun-2858072121533.html?srsltid=AfmBOoqvpBmBOddIvPWyE8XVHLZwow5GVKVfUEl-h6T7415sZfpCUnYH
Percussive Massage Guns,Percussion Massage Gun Trader - Retailer from Hyderabad,+918044566631,https://www.indiamart.com/shyam-furnitures/massager.html?srsltid=AfmBOoqmiu0p4JNaDFMpUn6u1FkzdzH5rEWofVm1kyZrC0r5aHPggFva
Percussive Massage Guns,DR PT Massage Gun Deep Tissue - Percussion Muscle ...,+918043803444,https://www.indiamart.com/proddetail/dr-pt-massage-gun-deep-tissue-percussion-muscle-massager-gun-for-back-massager-for-pain-relief-25444880112.html?srsltid=AfmBOooUH3Ip2R3LunSifzlktwDyr1y10YYAamfRZ4j0kHmaQj9MCN0-
Pneumatic Compression Boots,N-live Compression Boots 8.0 DVT Machine (Leg Attachment),+917949083016,https://www.indiamart.com/proddetail/n-live-compression-boots-8-0-dvt-machine-leg-attachment-2855678580988.html?srsltid=AfmBOorvih3S2u9InbuVdTmPy7AoyokDZNgYgziKmsUz1skIG3K-SWP3
Premium Commode Chairs,Commode Chair - Folding Toilet Chair Retailer from Nagpur,+918044566836,https://www.indiamart.com/vinnayak-agencies/commode-chair.html?srsltid=AfmBOor2gUH9ZhWJBi8BGRGir9JjU60cubpdsh6X7S38vOE42ffHxo-e
Premium Commode Chairs,"Blue Commode Chair Plastic, Size: Large",+917942649447,https://www.indiamart.com/proddetail/commode-chair-plastic-23317217397.html?srsltid=AfmBOopWkPEnjV7vaQr1PTOwl_lg5uOqLl_R1-qEo2bxjcH0Fw0agVBC
Premium Commode Chairs,Premium Commode Chair,+917942709746,https://www.indiamart.com/proddetail/premium-commode-chair-19699810197.html?srsltid=AfmBOoo7fUiTPvl1ta9aHEquUJSH-fIsSHmOcaFI41kOuFKagVTTkpem
Premium Commode Chairs,Commode Chair Wholesalers & Distributors in India,+918045736026,https://dir.indiamart.com/impcat/commode-chair.html?biz=30
Red Light Therapy Panels,Red Light Therapy Panel,+918043893392,https://www.indiamart.com/proddetail/red-light-therapy-panel-2853949396833.html?srsltid=AfmBOop8uircFuuRvUL1b_YPSbpQk5how_K0ZqLQsAAyZnvxabV_zxTk
Red Light Therapy Panels,Red Light Therapy Panel Trader - Retailer from Gurugram,+919179428169,https://www.indiamart.com/rollinsinternational/redlight-therapy.html?srsltid=AfmBOooZWEMcLDOz3uQ3Wo-I2IpaylJG92K1V-0yeqZlUxiaMEU9Z7Vg
Red Light Therapy Panels,Red Light Therapy Panel Trader - Retailer from Gurugram,+917942816960,https://www.indiamart.com/rollinsinternational/redlight-therapy.html?srsltid=AfmBOoqAxzEzpRHDDrj8n7jDDJ6SjFlCrh4RAdaLfapudcdW8z5-Oaqm
Red Light Therapy Panels,Infrared LED Light Therapy,+917949349129,https://dir.indiamart.com/impcat/infrared-led-light-therapy.html
Red Light Therapy Panels,Ir Led Light Therapy - Retailer from New Delhi,+918048974140,https://www.indiamart.com/aaayansystems/ir-led-light-therapy.html?srsltid=AfmBOoqEnRwFfd-yx8mi3uw82zt4j6XKTWI9n58AGlCj8g_YIFAW7RTL
Smart BP Monitors,Smart Diagnostic & Surgical Distributors - Bp Monitor,+918044015774,https://www.indiamart.com/smart-diagnostic-surigical-distributors/?srsltid=AfmBOoo0U1vttZAbieAfGS00tw34pNuzylyVVHFQdVX6bWwgN7e6gBCd
Smart BP Monitors,Carent Bp56-smart Automatic Blood Pressure Monitor,+917942616556,https://www.indiamart.com/proddetail/carent-bp56-smart-automatic-blood-pressure-monitor-bp-machine-2850585230791.html?srsltid=AfmBOophqhK_T4NtyVBhShJRkhtmMujy4ZShVQ7Kajg_iIpGTHtMDX8G
Smart BP Monitors,Blood Pressure Monitor Service Provider from Bengaluru,+918043810199,https://www.indiamart.com/vervenest-technologies-private-limited/blood-pressure-monitor.html
Smart BP Monitors,Blood Pressure Machine,+918047781316,https://dir.indiamart.com/impcat/blood-pressure-machines.html
Smart Insoles,Shoe Insole Wholesalers & Distributors in Delhi,+917942816538,https://dir.indiamart.com/delhi/shoe-insole.html?biz=30
Smart Insoles,SMART INSOLE Manufacturer from Hyderabad,+918044560873,https://www.indiamart.com/duceretechnologiesprivatelimited-hyderabad/shoe-insole.html?srsltid=AfmBOoq-gbCC64kEaXmojVwhAi3WttbC5_nxTvfy4FtsUFjXUjdFD0uk
Smart Insoles,Foot Care Insole Wholesalers & Distributors in India,+918045165649,https://dir.indiamart.com/impcat/foot-care-insole.html?biz=30
Smart Insoles,4D Cloud Insoles from Kalol,+919179428741,https://www.indiamart.com/b2b-box/insoles.html?srsltid=AfmBOopR-kPbrKy8bMLV2w25q6J9cs60rc_aMx82cSRCTny73fnrW7Oa
Smart Insoles,Insole at Best Price in India,+917949327403,https://dir.indiamart.com/impcat/insole.html
Smart Insoles,Shoe Insole at Best Price in India,+917949303785,https://dir.indiamart.com/impcat/shoe-insole.html
Smart Insoles,"Foot Insole in Hyderabad, Telangana",+918048606597,https://dir.indiamart.com/hyderabad/foot-insole.html
Smart Insoles,[PDF] SOLID WASTE MANAGEMENT PRACTICES IN URBAN INDIA - NIUA,+919924143113,https://niua.in/resources-and-waste/sites/default/files/2022-04/Final_Compendium.pdf
Smart Insoles,[PDF] SOLID WASTE MANAGEMENT PRACTICES IN URBAN INDIA - NIUA,+917984196023,https://niua.in/resources-and-waste/sites/default/files/2022-04/Final_Compendium.pdf
Smart Insoles,Men's Smart Formal Shoes,+917942786554,https://www.indiamart.com/proddetail/men-s-smart-formal-shoes-2854204994473.html?srsltid=AfmBOopfdNqhDBmCpCBkPp5nMX7yeJtKEZlLI9MhjsZtI6ElSCFzzIjo
Smart Mattresses,"Smart Bed Mattress in New Delhi, A2Z Interiors",+918043800210,https://www.indiamart.com/proddetail/smart-bed-mattress-2858283217155.html?srsltid=AfmBOorSWnNKr6Yl6X-bc35geJiJDl6k-n4QGM4fq3FXfiJp2lrvVy2I
Smart Mattresses,Bed Mattress - Smart Dream Mattress from Pune,+919180478130,https://www.indiamart.com/smart-dream-mattresses/bed-mattress.html?srsltid=AfmBOopI0gZ1a7C50kNphjTIZ5rgbgPNx4I-2rur6iKlurU6y0sy7XWz
Smart Mattresses,"Smart Bed Mattress in New Delhi, A2Z Interiors",+917949288772,https://www.indiamart.com/proddetail/smart-bed-mattress-2858283217155.html?srsltid=AfmBOoq-i2HOgEjbT7_4C6ZW8aLahwxp9xv3By7P2qQ07Sml80rjWArQ
Smart Mattresses,"SMAART WELL Coir Mattress, Size/Dimension: 75""X60"", Thickness",+917948218146,https://www.indiamart.com/proddetail/mattress-23869446630.html?srsltid=AfmBOoorKUy2JXyL5kG86MkySlWDMlHzDBt5ATizUAHYCcbIj-uFNIVM
Smart Mattresses,"Smart dream mattresses from Pune, India",+918047813038,https://www.indiamart.com/smart-dream-mattresses/aboutus.html?srsltid=AfmBOoqUcmgjP2VbF4UbYITNDetSII4Qt4_AxLTMqSdG13dWojFBTVZN
Smart Mattresses,"Call us now on 9555935935 to buy, *sold* Item Number 1: *Stylish ...",+919555935935,https://www.facebook.com/embassygoods/posts/call-us-now-on-9555935935-to-buysolditem-number-1-stylish-sofa-cum-bed-%EF%B8%8Fa-sleek-/1272928638369550/
Smart Mattresses,"Foam Blue(Base) Light Weight Sleeping Smart Bed Mattress, Size ...",+917942566108,https://www.indiamart.com/proddetail/light-weight-sleeping-smart-bed-mattress-26051967462.html?srsltid=AfmBOopQoz8iEDrnh2lpnGm9jiBD6H9R4a8QaBoNiK4WjF6NBm_kXljH
Smart Mattresses,Smart Ortho Pro Mattress - The Sleep Zone,+919180445667,https://www.indiamart.com/sleep-zone/sleeping-mattress.html?srsltid=AfmBOooxzzK0hQHJheIlBrmy0tLe_6Nza3aqO4glx2soJtV-6U0vNyQk
Smart Mattresses,Comfex Foam: From India to the World We take pride in ... - Instagram,+916292057398,https://www.instagram.com/p/DD3jp7Ohdcv/
Smart Mattresses,Smart Dream Bed Mattress,+919180445664,https://www.indiamart.com/smart-dream-mattress/?srsltid=AfmBOoqEWOpvMoB3VmAjRLT_t2zyCDsXelbd9ZsrU0xX8aaE_KkdKNBK
Smart Mattresses,Comfex Foam: From India to the World We take pride in ... - Instagram,+916292297489,https://www.instagram.com/p/DD3jp7Ohdcv/
Smart Walking Canes,Walking Canes Manufacturers in India,+918047671953,https://dir.indiamart.com/impcat/walking-canes.html?biz=10
Smart Walking Canes,Blinds Walking Stick,+917947157241,https://dir.indiamart.com/impcat/blinds-walking-stick.html
Smart Walking Canes,Phoenix Smart Cane Electronic Walking Aid,+918047652811,https://www.indiamart.com/touch-india-opc/walking-canes.html?srsltid=AfmBOor5IIIle4mHeO-Blds25YyRKvqPvVuUi3Qw3rjGK85HIuDRENGC
Smart Walking Canes,Walking Stick - Walking Cane Service Provider from Vizianagaram,+918044919539,https://www.indiamart.com/smarttechengineeringworksmanpowerservice/walking-stick.html?srsltid=AfmBOopLNe5WhC_DisvTrrUzHswtkorW1jqH14UtXDAUPEKX2ObW6yBW
Smart Walking Canes,Walking Stick For Blind Smart Cane Manufacturer from Lucknow,+917942830637,https://www.indiamart.com/surgimax-instrument-lucknow/walking-stick.html?srsltid=AfmBOoqbigmQ00dlDdKceQZV6OKO0ybBrdGHpPST4opiyLz_CPpsJJm1
TENS Machines,tens 4 channel electrotherpy device,+918043844254,https://www.indiamart.com/proddetail/tens-4-channel-electrotherpy-device-21028049188.html?srsltid=AfmBOoqMN8OZc0JiY49chGmyPqfopF-QqQRE5G2vll8SmBI7YmfstKAo
TENS Machines,Regular Analog 2 Channel TENS Machine,+917942968076,https://www.indiamart.com/proddetail/regular-analog-2-channel-tens-machine-2858757342933.html?srsltid=AfmBOorWBHCYheUD7O_WuGAlPmPRdEt1DDAH9PdMI6MB7SNHr1Lzyhol
TENS Machines,TENS Unit Wholesalers & Distributors in India,+917942611991,https://dir.indiamart.com/impcat/tens-unit.html?biz=30
TENS Machines,"Advanced TENS Therapy Four Channel, For Hospital, Acupuncture",+917949324634,https://www.indiamart.com/proddetail/advanced-tens-therapy-four-channel-22526030955.html?srsltid=AfmBOoqfDA9Q79GvjZfrZjIjc5kBz78uOi8MhGugtkf0Sv3QQHwCStAD
TENS Machines,"8 Channel Tens Unit, Acupuncture",+917942675119,https://www.indiamart.com/proddetail/8-channel-tens-unit-2856582226488.html?srsltid=AfmBOopnJ_ADBreDYE0YAF0gj14ODyB6mYPBFYjY5dMYRtfsyrpiJ5BG
TENS Machines,Tens Unit - Electronic Muscle Stimulators Trader,+918047645594,https://www.indiamart.com/medipromedicalsystems/tens-unit.html?srsltid=AfmBOooFPKgQfGqCDXTrkcqc1PApl4WicX4wmdHm3XgRCLU2CMUYl2m6
TENS Machines,Tens Therapy,+918047688955,https://dir.indiamart.com/impcat/tens-therapy.html
TENS Machines,"Heavy Dutty 50 Hz Ramtec 4 Channel Tens Machines, For Clinical ...",+918043875033,https://www.indiamart.com/proddetail/ramtec-4-channel-tens-machines-23314559697.html?srsltid=AfmBOopY95LQJAAG9HCI63PG-l53uvcaN6yVizAle5m3YhRiYyJQ2wAP
TENS Machines,"Novatech Mini Four Channel TENS Unit, For Physiotherapy ...",+917942565796,https://www.indiamart.com/proddetail/mini-four-channel-tens-unit-23067498533.html?srsltid=AfmBOoqH-Qs6hydD_xzG1KY0knZcL8IPDBX-2JTG8pRGRMB9-7AQLj1Z
TENS Machines,"Heavy Dutty 50 Hz Ramtec 4 Channel Tens Machines, For Clinical ...",+917942828394,https://www.indiamart.com/proddetail/ramtec-4-channel-tens-machines-23314559697.html?srsltid=AfmBOopY95LQJAAG9HCI63PG-l53uvcaN6yVizAle5m3YhRiYyJQ2wAP
TENS Machines,Acupuncture Six Channel Tens Machine D-964,+917942675616,https://www.indiamart.com/proddetail/acupuncture-six-channel-tens-machine-d-964-2855091708491.html?srsltid=AfmBOorGFd-F8pWFzbJ02NEjFccF7b47i0LqoPBuAt1VnekHgDzKXs3h
Targeted Shockwave Therapy,Physiotherapy Products - Retailer from New Delhi,+917942666307,https://www.indiamart.com/innovativesolutions-81381710/physiotherapy-products.html?srsltid=AfmBOooBn8bVl6wuqSv-Zev2rVAv4JTgO3YU7ffgjq5wuzGj-qDTy950
Targeted Shockwave Therapy,Astar Shockwave Therapy Equipment Trader,+917949306205,https://www.indiamart.com/mas-health-care/shockwave-therapy.html?srsltid=AfmBOoptuGD5eGK8X_PU7wMlHa2KyazKgXhqKvwmFLsowZYmOwy3MRSi
Targeted Shockwave Therapy,Air Compression Radial ESWT Device Soft Tissue ...,+918048267611,https://www.indiamart.com/proddetail/air-compression-radial-eswt-device-soft-tissue-musculoskeletal-recovery-machine-2857541278362.html?srsltid=AfmBOooR_CCLlzJO035rRr1CwRQ6dhBBf5lBSFUfWXKN0WRfCxpgVxzV
Washable Silicone Bedpans,Surgical Products - Plastic Bed Pan Manufacturer from New Delhi,+918043857277,https://www.indiamart.com/fabindustriesglovesofindia/surgical-products.html?srsltid=AfmBOopJg6EU-X-s6R0rrGxpkOHrsDegX7FbpF_NegDIP6JrTZ78j2GJ
Washable Silicone Bedpans,"Stainless Steel Bedpan Latest Price, Manufacturers & Suppliers",+918047632382,https://dir.indiamart.com/impcat/bedpan.html
Washable Silicone Bedpans,"Rubber Bed Pan, For Patient Use, Fracture",+917942838163,https://www.indiamart.com/proddetail/rubber-bed-pan-2855215948091.html?srsltid=AfmBOoonx65JbjdNPouLIQ4XFmIPYPAiw9baNOjuJ8ubotJu7gt7aaZt
Washable Silicone Bedpans,Bed Pan Unisex Trader - Retailer from Chennai,+917949220831,https://www.indiamart.com/mokksha-management-services/bed-pan.html?srsltid=AfmBOop62oDxlqH9d68Xc1REk8MO2RFIKevfkl8vwE588hobW709mHlY
Washable Silicone Bedpans,Red Unisex Rubber Bed Pan Manufacturer from Meerut,+917947155614,https://www.indiamart.com/crownrubberindustries-meerut/rubber-bed-pan.html?srsltid=AfmBOoqzriZXL7xSLkFOyuLDkoDxWf7N_VbxWMp4jnK3ZxNos49BEM9K
Washable Silicone Bedpans,Rubber Bed Pans,+917942798963,https://www.indiamart.com/proddetail/rubber-bed-pans-3983726630.html?srsltid=AfmBOopj_NEnghVF-Lo7DNnud8aGxnMWLyTEF7BPtYOFu4PkV13lY7xy
Washable Silicone Bedpans,Polypropylene Sleek Bed Pan Retailer from New Delhi,+919180482133,https://www.indiamart.com/newgenpartners/bed-pan.html?srsltid=AfmBOoq2awuaWGwmoxcDzUm89NBZ72Ls1lbtJFxmrVnYi9VE7PqRpWTZ
Washable Silicone Bedpans,Plastic Bed Pan - Blue Silicon Bedpan Retailer from Chennai,+918045733934,https://www.indiamart.com/seethapathy-clinichospital-pharmacy/plastic-bed-pan.html
Wearable Sleep Trackers,"T-500 Smart Watch Sleep Monitor, Distance Tracker, Calendaring ...",+917942872718,https://www.indiamart.com/proddetail/t-500-smart-watch-sleep-monitor-distance-tracker-calendaring-sedentary-reminder-text-messaging-pedometer-calorie-tracker-heart-rate-monitor-smartwatch-pack-of-1-2854639794673.html?srsltid=AfmBOoqqeeYa6CHKUOmvG7t0aUE4x8Mcm2ZgjTDwIr7p2EjzXL0iVl0I
